--USERS
insert into users (user_id, first_name, last_name, email, gender, phone_number) values (1, 'Penn', 'Foxten', 'pfoxten0@oaic.gov.au', 'Male', '3365182649');
insert into users (user_id, first_name, last_name, email, gender, phone_number) values (2, 'Nikolas', 'St. Quentin', 'nstquentin1@ucoz.com', 'Male', '2395064980');
insert into users (user_id, first_name, last_name, email, gender, phone_number) values (3, 'Nobie', 'Hammerstone', 'nhammerstone2@bandcamp.com', 'Male', '2218546676');
insert into users (user_id, first_name, last_name, email, gender, phone_number) values (4, 'Patsy', 'Phidgin', 'pphidgin3@ed.gov', 'Male', '9519180800');
insert into users (user_id, first_name, last_name, email, gender, phone_number) values (5, 'Alli', 'Mariault', 'amariault4@a8.net', 'Female', '7386768763');
insert into users (user_id, first_name, last_name, email, gender, phone_number) values (6, 'Elizabet', 'Gallymore', 'egallymore5@spotify.com', 'Female', '5204609751');
insert into users (user_id, first_name, last_name, email, gender, phone_number) values (7, 'Ludwig', 'Vose', 'lvose6@reverbnation.com', 'Male', '4651223423');
insert into users (user_id, first_name, last_name, email, gender, phone_number) values (8, 'Lorelei', 'Worgen', 'lworgen7@about.me', 'Female', '3144231294');
insert into users (user_id, first_name, last_name, email, gender, phone_number) values (9, 'Delora', 'Cosgrave', 'dcosgrave8@gnu.org', 'Female', '7968070622');
insert into users (user_id, first_name, last_name, email, gender, phone_number) values (10, 'Jecho', 'Repper', 'jrepper9@etsy.com', 'Male', '4805095823');
insert into users (user_id, first_name, last_name, email, gender, phone_number) values (11, 'Dore', 'Largen', 'dlargena@list-manage.com', 'Female', '8773763913');
insert into users (user_id, first_name, last_name, email, gender, phone_number) values (12, 'Nady', 'Mattheissen', 'nmattheissenb@irs.gov', 'Female', '5617944802');
insert into users (user_id, first_name, last_name, email, gender, phone_number) values (13, 'Clemmie', 'Fawdry', 'cfawdryc@chronoengine.com', 'Male', '2285161866');
insert into users (user_id, first_name, last_name, email, gender, phone_number) values (14, 'Kipp', 'Earnshaw', 'kearnshawd@sfgate.com', 'Male', '3098213020');
insert into users (user_id, first_name, last_name, email, gender, phone_number) values (15, 'Jone', 'Febre', 'jfebree@list-manage.com', 'Male', '3544285734');
insert into users (user_id, first_name, last_name, email, gender, phone_number) values (16, 'Ddene', 'Babb', 'dbabbf@wikia.com', 'Female', '3753431730');
insert into users (user_id, first_name, last_name, email, gender, phone_number) values (17, 'Jaynell', 'Seville', 'jsevilleg@sourceforge.net', 'Female', '4031164046');
insert into users (user_id, first_name, last_name, email, gender, phone_number) values (18, 'Marylee', 'Pomphrey', 'mpomphreyh@topsy.com', 'Female', '6953377344');
insert into users (user_id, first_name, last_name, email, gender, phone_number) values (19, 'Edik', 'Dacca', 'edaccai@xinhuanet.com', 'Agender', '2077171877');
insert into users (user_id, first_name, last_name, email, gender, phone_number) values (20, 'Rudie', 'Bridewell', 'rbridewellj@smh.com.au', 'Male', '6886249111');
insert into users (user_id, first_name, last_name, email, gender, phone_number) values (21, 'Noellyn', 'Dikes', 'ndikesk@japanpost.jp', 'Female', '2724404432');
insert into users (user_id, first_name, last_name, email, gender, phone_number) values (22, 'Gretel', 'Bartunek', 'gbartunekl@uol.com.br', 'Female', '4946933659');
insert into users (user_id, first_name, last_name, email, gender, phone_number) values (23, 'Julian', 'Manuely', 'jmanuelym@google.ca', 'Male', '6035607367');
insert into users (user_id, first_name, last_name, email, gender, phone_number) values (24, 'Orren', 'Rafferty', 'oraffertyn@facebook.com', 'Male', '7565677705');
insert into users (user_id, first_name, last_name, email, gender, phone_number) values (25, 'Margaretha', 'Kiff', 'mkiffo@auda.org.au', 'Female', '8282838581');
insert into users (user_id, first_name, last_name, email, gender, phone_number) values (26, 'Zuzana', 'Toppin', 'ztoppinp@weather.com', 'Female', '3568839018');
insert into users (user_id, first_name, last_name, email, gender, phone_number) values (27, 'Meryl', 'Vasyuchov', 'mvasyuchovq@studiopress.com', 'Female', '9177377054');
insert into users (user_id, first_name, last_name, email, gender, phone_number) values (28, 'Karel', 'Shelmerdine', 'kshelmerdiner@booking.com', 'Male', '2831968853');
insert into users (user_id, first_name, last_name, email, gender, phone_number) values (29, 'Berne', 'Cranage', 'bcranages@360.cn', 'Male', '6455097373');
insert into users (user_id, first_name, last_name, email, gender, phone_number) values (30, 'Osmond', 'Crole', 'ocrolet@sourceforge.net', 'Male', '8462987930');

--/*Data for the table countries */

insert into countries (country_id, country_code, country_name) values ('901', 'RL', 'Sweden');
insert into countries (country_id, country_code, country_name) values ('902', 'Lr', 'Thailand');
insert into countries (country_id, country_code, country_name) values ('903', '1S', 'Chinaes');
insert into countries (country_id, country_code, country_name) values ('904', '2b', 'Zambia');
insert into countries (country_id, country_code, country_name) values ('905', 'an', 'China');
insert into countries (country_id, country_code, country_name) values ('906', '4J', 'Argentina');
insert into countries (country_id, country_code, country_name) values ('907', 'yF', 'China');
insert into countries (country_id, country_code, country_name) values ('908', 'Mt', 'Philippines');
insert into countries (country_id, country_code, country_name) values ('909', 'bu', 'Colombia');
insert into countries (country_id, country_code, country_name) values ('910', 'bF', 'Chinas');
insert into countries (country_id, country_code, country_name) values ('911', 'R0', 'Benin');
insert into countries (country_id, country_code, country_name) values ('912', 'CK', 'Russia');
insert into countries (country_id, country_code, country_name) values ('913', '06', 'Morocco');
insert into countries (country_id, country_code, country_name) values('914', 'x0', 'Honduras');
insert into countries (country_id, country_code, country_name) values ('915', 'jf', 'Russia');
insert into countries (country_id, country_code, country_name) values ('916', 'tU', 'Indonesia');
insert into countries (country_id, country_code, country_name) values ('917', 'un', 'Brazil');
insert into countries (country_id, country_code, country_name) values ('918', 'bB', 'Greece');
insert into countries (country_id, country_code, country_name) values ('919', 'Ll', 'Russia');
insert into countries (country_id, country_code, country_name) values ('920', '8n', 'Chino');
insert into countries (country_id, country_code, country_name) values ('921', 'pw', 'Ecuador');
insert into countries (country_id, country_code, country_name) values ('922', 'Vc', 'Russia');
insert into countries (country_id, country_code, country_name) values ('923', '16', 'Canada');
insert into countries (country_id, country_code, country_name) values ('924', 'vg', 'China');
insert into countries (country_id, country_code, country_name) values ('925', '5M', 'Indonesia');
insert into countries (country_id, country_code, country_name) values ('926', 'i6', 'Czech Republic');
insert into countries (country_id, country_code, country_name) values ('927', 'MJ', 'Philippines');
insert into countries (country_id, country_code, country_name) values ('928', 'oo', 'Brazil');
insert into countries (country_id, country_code, country_name) values ('929', 'Wh', 'indus');
insert into countries (country_id, country_code, country_name) values ('930', 'MO', 'Azerbaijan');

--cities
																	
insert into cities (city_id, city_name, country_id) values ('1', 'Linköping','901');
insert into cities (city_id, city_name, country_id) values ('2', 'Nong ', '902');
insert into cities (city_id, city_name, country_id) values ('3', 'Nong H', '903');
insert into cities (city_id, city_name, country_id) values ('4', 'Nong i', '904');
insert into cities (city_id, city_name, country_id) values ('5', 'Jiupu', '905');
insert into cities (city_id, city_name, country_id) values ('6', 'El Colorado', '906');
insert into cities (city_id, city_name, country_id) values ('7', 'Beishan', '907');
insert into cities (city_id, city_name, country_id) values ('8', 'Masaling', '908');
insert into cities (city_id, city_name, country_id) values ('9', 'Pasto', '909');
insert into cities (city_id, city_name, country_id) values ('10', 'Dongle', '910');
insert into cities (city_id, city_name, country_id) values ('11', 'Savalou', '911');
insert into cities (city_id, city_name, country_id) values ('12', 'Perelyub', '912');
insert into cities (city_id, city_name, country_id) values ('13', 'Tizgane', '913');
insert into cities (city_id, city_name, country_id) values ('14', 'Choloma', '914');
insert into cities (city_id, city_name, country_id) values ('15', 'Kuybyshevo', '915');
insert into cities (city_id, city_name, country_id) values ('16', 'Karang', '916');
insert into cities (city_id, city_name, country_id) values ('17', 'Poá', '917');
insert into cities (city_id, city_name, country_id) values ('18', 'Krousón', '918');
insert into cities (city_id, city_name, country_id) values ('19', 'Nikol’skoye', '919');
insert into cities (city_id, city_name, country_id) values ('20', 'Xiongzhang', '920');
insert into cities (city_id, city_name, country_id) values ('21', 'Zamora', '921');
insert into cities (city_id, city_name, country_id) values ('22', 'Usman’', '922');
insert into cities (city_id, city_name, country_id) values ('23', 'Windsor', '923');
insert into cities (city_id, city_name, country_id) values ('24', 'Dongzhaogezhuang', '924');
insert into cities (city_id, city_name, country_id) values ('25', 'Narawayong', '925');
insert into cities (city_id, city_name, country_id) values ('26', 'Blansko', '926');
insert into cities (city_id, city_name, country_id) values ('27', 'Sergio Osmeña Sr', '927');
insert into cities (city_id, city_name, country_id) values ('28', 'Brodósqui', '928');
insert into cities (city_id, city_name, country_id) values ('29', 'Donggaocun', '929');
insert into cities (city_id, city_name, country_id) values ('30', 'Maştağa', '930');

--Places

insert into places (place_id,address,postal_code,city_id,country_id) values('31', '25331 Sauthoff Court', '58592','1', '901');
insert into places (place_id,address,postal_code,city_id,country_id) values('51', '89 Gerald Terrace', '45140','2', '902');
insert into places (place_id,address,postal_code,city_id,country_id) values('52', '58652 Ruskin Court', null,'3', '903');
insert into places (place_id,address,postal_code,city_id,country_id) values('74', '19 Crest Line Lane', null,'4', '904');
insert into places (place_id,address,postal_code,city_id,country_id) values('49', '09077 Sundown Crossing', null,'5', '905');
insert into places (place_id,address,postal_code,city_id,country_id) values('40', '00856 Emmet Place', '4618','6', '906');
insert into places (place_id,address,postal_code,city_id,country_id) values('21', '86961 Oak Valley Junction', null,'7', '907');
insert into places (place_id,address,postal_code,city_id,country_id) values('28', '845 Dottie Avenue', '1141','8', '908');
insert into places (place_id,address,postal_code,city_id,country_id) values('59', '1 Arkansas Circle', '520039','9', '909');
insert into places (place_id,address,postal_code,city_id,country_id) values('62', '40 Scofield Terrace', null,'10', '910');
insert into places (place_id,address,postal_code,city_id,country_id) values('70', '13420 Cascade Way', null,'11', '911');
insert into places (place_id,address,postal_code,city_id,country_id) values('13', '52052 La Follette Center', '413750','12', '912');
insert into places (place_id,address,postal_code,city_id,country_id) values('71', '666 Caliangt Center', null,'13', '913');
insert into places (place_id,address,postal_code,city_id,country_id) values('86', '3 Crest Line Parkway', null,'14', '914');
insert into places (place_id,address,postal_code,city_id,country_id) values('11', '88 Bellgrove Place', '346940','15', '915');
insert into places (place_id,address,postal_code,city_id,country_id) values('65', '150 Trailsway Hill', null,'16', '916');
insert into places (place_id,address,postal_code,city_id,country_id) values('44', '243 Moulton Avenue', '08550000','17', '917');
insert into places (place_id,address,postal_code,city_id,country_id) values('34', '1001 Clyde Gallagher Place', null,'18', '918');
insert into places (place_id,address,postal_code,city_id,country_id) values('10', '8 Sachs Way', '678214','19', '919');
insert into places (place_id,address,postal_code,city_id,country_id) values('37', '93248 Sullivan Trail', null,'20', '920');
insert into places (place_id,address,postal_code,city_id,country_id) values('98', '8916 Mallard Pass', null,'21', '921');
insert into places (place_id,address,postal_code,city_id,country_id) values('43', '00920 Gina Alley', '399373','22', '922');
insert into places (place_id,address,postal_code,city_id,country_id) values('42', '873 Bartelt Drive', '34567' ,'23', '923');
insert into places (place_id,address,postal_code,city_id,country_id) values('58', '69 Caliangt Junction', null,'24', '924');
insert into places (place_id,address,postal_code,city_id,country_id) values('66', '936 Golf Course Terrace', null,'25', '925');
insert into places (place_id,address,postal_code,city_id,country_id) values('54', '97 Oak Valley Parkway', '67801','26', '926');
insert into places (place_id,address,postal_code,city_id,country_id) values('82', '65 Glendale Plaza', '7108','27', '927');
insert into places (place_id,address,postal_code,city_id,country_id) values('32', '9345 Lakewood Gardens Hill', '64222000','28', '928');
insert into places (place_id,address,postal_code,city_id,country_id) values('18', '70 Muir Drive', null,'29', '929');
insert into places (place_id,address,postal_code,city_id,country_id) values('73', '7 Roth Hill', null,'30', '930');

--Bookings
insert into bookings (booking_id,place_id, start_date,end_date,number_of_days, price_per_day,user_id) values('101', '31','2021-02-13','2021-02-14','1','2500','1');
insert into bookings (booking_id,place_id, start_date,end_date,number_of_days, price_per_day,user_id) values('102', '51','2021-03-13','2021-03-17','4','2500','2');
insert into bookings (booking_id,place_id, start_date,end_date,number_of_days, price_per_day,user_id) values('103', '52','2021-02-13','2021-02-15','2','2500','3');
insert into bookings (booking_id,place_id, start_date,end_date,number_of_days, price_per_day,user_id) values('104', '74','2022-02-13','2022-02-14','1','2500','4');
insert into bookings (booking_id,place_id, start_date,end_date,number_of_days, price_per_day,user_id) values('105', '49','2022-06-13','2022-06-19','7','2500','5');
Insert into bookings (booking_id,place_id, start_date,end_date,number_of_days, price_per_day,user_id) values('106', '40','2023-02-13','2021-02-14','1','2500','7');
Insert into bookings (booking_id,place_id, start_date,end_date,number_of_days, price_per_day,user_id) values('107', '21','2022-09-24','2021-02-27','4','2500','8');
Insert into bookings (booking_id,place_id, start_date,end_date,number_of_days, price_per_day,user_id) values('108', '28','2022-08-12','2022-09-12','31','2500','21');
Insert into bookings (booking_id,place_id, start_date,end_date,number_of_days, price_per_day,user_id) values('109', '59','2022-06-02','2022-06-04','3','2500','22');
Insert into bookings (booking_id,place_id, start_date,end_date,number_of_days, price_per_day,user_id) values('110', '62','2020-02-13','2021-02-14','1','2500','24');
Insert into bookings (booking_id,place_id, start_date,end_date,number_of_days, price_per_day,user_id) values('111', '70','2020-06-03','2021-02-07','5','2500','30');
Insert into bookings (booking_id,place_id, start_date,end_date,number_of_days, price_per_day,user_id) values('112', '13','2023-01-12','2023-01-22','10','2500','11');
Insert into bookings (booking_id,place_id, start_date,end_date,number_of_days, price_per_day,user_id) values('113', '71','2022-09-23','2022-09-26','3','2500','12');
Insert into bookings(booking_id,place_id, start_date,end_date,number_of_days, price_per_day,user_id) values('114', '86','2021-03-13','021-03-18','5','2500','14');
Insert into bookings (booking_id,place_id, start_date,end_date,number_of_days, price_per_day,user_id) values('115', '11','2020-03-13','2020-04-13','30','2500','3');
Insert into bookings(booking_id,place_id, start_date,end_date,number_of_days, price_per_day,user_id) values('116', '65','2021-02-13','2021-02-18','5','2500','5');
Insert into bookings (booking_id,place_id, start_date,end_date,number_of_days, price_per_day,user_id) values('117', '44','2022-08-12','2022-08-14','3','2500','23');
Insert into bookings (booking_id,place_id, start_date,end_date,number_of_days, price_per_day,user_id) values('118', '34','2021-06-13','2021-06-15','3','2500','25');
Insert into bookings (booking_id,place_id, start_date,end_date,number_of_days, price_per_day,user_id) values('119', '10','2023-01-01','2023-01-14','14','2500','29');
Insert into bookings (booking_id,place_id, start_date,end_date,number_of_days, price_per_day,user_id) values('120', '37','2021-02-13','2021-02-14','1','2500','25');
Insert into bookings (booking_id,place_id, start_date,end_date,number_of_days, price_per_day,user_id) values('121', '98','2020-05-19','2020-05-23','4','2500','16');
Insert into bookings (booking_id,place_id, start_date,end_date,number_of_days, price_per_day,user_id) values('122', '43','2021-05-22','2021-05-26','5','2500','9');
Insert into bookings (booking_id,place_id, start_date,end_date,number_of_days, price_per_day,user_id) values('123', '42','2021-02-13','2021-02-14','1','2500','8');
Insert into bookings (booking_id,place_id, start_date,end_date,number_of_days, price_per_day,user_id) values('124', '58','2021-11-23','2021-11-29','7','2500','5');
Insert into bookings (booking_id,place_id, start_date,end_date,number_of_days, price_per_day,user_id) values('125', '66','2022-12-01','2022-12-05','5','2500','2');
insert into bookings (booking_id,place_id, start_date,end_date,number_of_days, price_per_day,user_id) values('126', '54','2023-01-18','2023-01-23','6','2500','3');
insert into bookings (booking_id,place_id, start_date,end_date,number_of_days, price_per_day,user_id) values('127', '82','2020-08-19','2020-08-22','4','2500','21');
insert into bookings (booking_id,place_id, start_date,end_date,number_of_days, price_per_day,user_id) values('128', '32','2019-09-13','2019-09-19','7','2500','27');
insert into bookings (booking_id,place_id, start_date,end_date,number_of_days, price_per_day,user_id) values('129', '18','2021-02-19','2021-02-24','6','2500','26');
insert into bookings (booking_id,place_id, start_date,end_date,number_of_days, price_per_day,user_id) values('130', '73','2019-08-11','2019-08-15','5','2500','28');

--Reviews
Insert into reviews(review_id,rating,booking_id) values('1','8','101');
Insert into reviews(review_id,rating,booking_id) values('2','0','102');
Insert into reviews(review_id,rating,booking_id) values('3','7','103');
Insert into reviews(review_id,rating,booking_id) values('4','6','104'); 
Insert into reviews(review_id,rating,booking_id) values('5','5','105');
Insert into reviews(review_id,rating,booking_id) values('6','4','106');
Insert into reviews(review_id,rating,booking_id) values('7','3','107');
Insert into reviews(review_id,rating,booking_id) values('8','2','108');
Insert into reviews(review_id,rating,booking_id) values('9','1','109');
Insert into reviews(review_id,rating,booking_id) values('11','8','111');
Insert into reviews(review_id,rating,booking_id) values('12','7','112');
Insert into reviews(review_id,rating,booking_id) values('13','6','113');
Insert into reviews(review_id,rating,booking_id) values('14','5','114');
Insert into reviews(review_id,rating,booking_id) values('15','4','115');
Insert into reviews(review_id,rating,booking_id) values('16','3','116');
Insert into reviews(review_id,rating,booking_id) values('17','2','117');
Insert into reviews(review_id,rating,booking_id) values('18','1','118');
Insert into reviews(review_id,rating,booking_id) values('19','9','119');
Insert into reviews(review_id,rating,booking_id) values('20','8','120');
Insert into reviews(review_id,rating,booking_id) values('21','7','121');
Insert into reviews(review_id,rating,booking_id) values('22','6','122');
Insert into reviews(review_id,rating,booking_id) values('23','5','123');
Insert into reviews(review_id,rating,booking_id) values('24','4','124');
Insert into reviews(review_id,rating,booking_id) values('25','4','125');
Insert into reviews(review_id,rating,booking_id) values('26','7','126');
Insert into reviews(review_id,rating,booking_id) values('27','8','127');
Insert into reviews(review_id,rating,booking_id) values('28','9','128');
Insert into reviews(review_id,rating,booking_id) values('29','5','129');
Insert into reviews(review_id,rating,booking_id) values('30','3','130');












